93,AzyWNSS4pQ9uU1Uow
3884,16A1DaS5Mc8FVMuq
1290,AzyWNSS4pQ9uU1Uow
5758,16BcrgS8gtRHl1UfM
10573,AzZctsS7WdhpQlZb
3925,16BckAS8mdntVYMD
4390,16BZ4TS5nBshD2ZJ8
9354,6olH9S8lIU1IKWl
6602,AzyvwMRyplcQl3bhO
11059,AzyvvcS6hW3eGzqA
11282,16BZ9IS8EpMHSbSe
411,Azyw2IS4nJq0z7Ue
987,16A1GSS4cmXH25sX
2463,AzyWBTRoG63vv1fI0
9460,16A12sRnvWFfK1Zsd
4327,16BcgRRnrN1ww1IHu
9593,AzZcsWS4vI6LehT5
1614,6obK3S4z4B2Pf2O
9276,Azyw2BS5H7FjSPW2
9085,16BcjmS4vPcz5kzU
182,AzZcmyS6FGDlI1tsm
1435,16A1FMS5OhHyGp24
9585,6olGlS4spZ3reAR
11006,AzZcmhS5juXdoa9E
10978,16CICZS5I9iZYHuv
5582,16BZDqS2FL71bjem
432,16A1FGS5w9TyY1B9h
10778,AzyvvsS4vOZGPiMP
1164,2sUBzx1YRf4ZBULGEH
11285,Azyw3uS8x9Kv1VuF
1470,16BcjxS933lpS1JNs
4479,AzZcjVS93P4b11IMB
1630,16BckQS7hnwvqX0D
2288,16A1GSS9Fwa5A2KsL
10936,AzZcvMS7lstBf2Smt
2853,16BZEGS69vCCR1pln
10666,16BZArS641C2Y18nW
4514,AzyWKVS4vgAuFvOI
11200,16BcoaS5nzrz03Gej
11202,6obIzS7wMvKY11aQ
204,16A1BVS6Cztg6JD6
2419,16BcnWS66WvlnfFX
11072,AzZcpkS6ch2B72hmh
8334,AzyWHgS4uOVa0dSs
11226,16BcmAS7xWIMT1vhc
1447,AzZcqGS4iDeS7ZMf
9853,AzyW9wRt6s2j8R27
11019,16A196S6cGiw02IED
11134,AzZcjUS73yJ9QsPL
1554,16A1CsS8CODbs14oC
7838,16CFcuS8DAdZfGxR
11136,16BcjQS7RGU5PP3Z
3611,16BcmAS4uORWbeMy
5285,16Bct6S75d2M31uqi
8783,16BcjiS7MCBYo1i19
11115,16CFdKS6zZQgMOMu
6844,AzyvxFS7YTCmaZl8
3769,16CID6S7uKmQN3f7
1067,2sUBzx5BRgE014D10D1
10536,16CID8S4thC27Ddd
10621,16BZ9IS6s4cZW18f6
5609,16CICLS8KXbTO1Ci0
685,16BcsWS8QqTFa2iho
3336,AzZcswRxYcDibTgT
1365,AzyvzhS8IG5JhFHO
5068,AzZcoNS80ivmt6Eb
530,16BZ3rS8ZADZazIg
7371,16A17nS8f2CETIGc
9551,16BcsWS8OBPMw1BFi
363,AzyWIgS6i9Bv3XcA
11267,Azyw0CS8h4rOBb0o
